<?xml version="1.0" encoding="UTF-8"?><?xml-stylesheet type='text/xsl' href='_UpgradeReport_Files/UpgradeReport.xslt'?><UpgradeLog>
<Properties><Property Name="Solution" Value="calendar">
</Property><Property Name="Solution File" Value="C:\Documents and Settings\kle\My Documents\Visual Studio 2008\Projects\calendar\calendar.sln">
</Property><Property Name="User Options File" Value="C:\Documents and Settings\kle\My Documents\Visual Studio 2008\Projects\calendar\calendar.suo">
</Property><Property Name="Date" Value="Monday, September 29, 2008">
</Property><Property Name="Time" Value="10:27 AM">
</Property></Properties><Event ErrorLevel="0" Project="" Source="calendar.sln" Description="File successfully backed up as C:\Documents and Settings\kle\My Documents\Visual Studio 2008\Projects\calendar\Backup\calendar.sln">
</Event><Event ErrorLevel="0" Project="" Source="calendar.suo" Description="File successfully backed up as C:\Documents and Settings\kle\My Documents\Visual Studio 2008\Projects\calendar\Backup\calendar.suo">
</Event><Event ErrorLevel="1" Project="calendar" Source="http://localhost/calendar/calendar.vbproj" Description="Warning: The project file is being backed up to a relative path that differs from the original solution relative path.  The difference in folder hierarchy may create problems in opening or building the backed up solution and project.">
</Event><Event ErrorLevel="2" Project="http://localhost/calendar/calendar.vbproj" Source="http://localhost/calendar/calendar.vbproj" Description="ERROR: Failed to back up Web site http://localhost/calendar/calendar.vbproj">
</Event><Event ErrorLevel="0" Project="" Source="calendar.sln" Description="Solution converted successfully">
</Event><Event ErrorLevel="3" Project="" Source="calendar.sln" Description="Converted">
</Event></UpgradeLog>